hashtags,text,user,location,time
[],Happy birthday to one of the coolest coaches and guy youâ€™ll meet â€œHow many strings on the football?â€ù,__Dj8,"Youngstown, OH",Wed Oct 24 02:35:39 +0000 2018
[],. do it for Sam.,csann,"Boston, MA",Wed Oct 24 02:35:47 +0000 2018
[],NCAA football -1 most likely,Miw663,"West Bloomfield Township, MI",Wed Oct 24 02:37:03 +0000 2018
['HFND'],Congrats Ricardo!,HolmesHuskyFB,"San Antonio, TX",Wed Oct 24 02:37:03 +0000 2018
['ncfc'],The touch from at s. Delicious.,AngryAnderton,"San Francisco, CA",Wed Oct 24 02:37:07 +0000 2018
[],"Isnâ€™t it wild when your childhood friendâ€™s siblings get engaged/married? Like, I remember when you were and chasiâ€_",ShannonPeake,"Ypsilanti, MI",Wed Oct 24 02:37:36 +0000 2018
"['NFLPicks', 'football', 'NBA']",Tuesday a pass. No picks. % for year. All picks % for year. âÅ  âÅ picks % for year. Allâ€_,jeffersonsports,"Henderson, NV",Wed Oct 24 02:38:21 +0000 2018
[],the college environment âÅ‰ï¸èï¸èï¸è,dacostello1,"Indiana, USA",Wed Oct 24 02:38:23 +0000 2018
[],Healing and life after football,Dbn1012,"San Antonio, TX",Wed Oct 24 02:38:31 +0000 2018
['WildcatNation'],Big win for our NLS Wildcats! Great job and team!,Wyganowski21,"Spicer, MN",Wed Oct 24 02:38:42 +0000 2018
[],Football teams started trading more players this season. I like it. Makes it more interesting to see teams getting shaken up.,ProfessorMiles_,"Los Angeles, CA",Wed Oct 24 02:38:49 +0000 2018
[],Check out DraftKings Team Pickâ€™em! Enter now for free to make your weekly football game predictions to play and tryâ€_,cbprince32,"Kettering, OH",Wed Oct 24 02:38:55 +0000 2018
[],Section A Football After Cathedral Wabasso,KNUJ,"New Ulm, MN",Wed Oct 24 02:39:12 +0000 2018
[],Osos football editors when Mo Bamba comes on,Mason11Lilly,"Rancho Cucamonga, CA",Wed Oct 24 02:39:37 +0000 2018
[],GO VOTE!,GraysonDante,"McMinnville, TN",Thu Oct 25 02:52:32 +0000 2018
[],Love this!,worm2126,"Mount Pleasant, SC",Thu Oct 25 02:52:54 +0000 2018
"['African', 'football', 'utopia', 'Thanks', 'USAsoccer']","To change is not for me. When one door shuts, another opens ... itâ€™â€_",rolozapata,"North Hills, NY",Thu Oct 25 02:53:36 +0000 2018
"['NFLpicks', 'football', 'CFB', 'NBApicks']",% for year. All picks % combined for year. picks % for year. % for year.â€_,jeffersonsports,"Henderson, NV",Thu Oct 25 02:53:43 +0000 2018
[],Three teams. One game. And yâ€™all thought the MHSAA was chaotic...,BrianJLentz,"Senatobia, MS",Thu Oct 25 02:54:06 +0000 2018
[],"Lol, I HAVE???? No, Iâ€™m just a sensible human being who doesnâ€™t needâ€_",NateGearyWGR,"Buffalo, NY",Thu Oct 25 02:54:32 +0000 2018
['PsdXeiko'],Condolences to and the handler &amp; family of,HPSCanine,"Hamilton, Ontario",Thu Oct 25 02:55:18 +0000 2018
[],JW HALLS STEAK &amp; SEAFOOD HIGH SCHOOL FOOTBALL via,JosephWHall,"Center, PA",Thu Oct 25 02:57:02 +0000 2018
[],Consistency at every level. Admirable.,dickson_braden,"Louisiana, USA",Thu Oct 25 02:57:14 +0000 2018
[],Taggart is not the guy. Itâ€™s a legend type story with Bowden gone. Will be some time and the talentâ€_,juggernauts8116,"Florence, SC",Thu Oct 25 02:57:28 +0000 2018
[],Why his head crooked?,CoHambino,"Kentucky, USA",Thu Oct 25 02:57:53 +0000 2018
[],Itâ€™s football day !,caglaricli1903,"MontrÃ©al, QuÃ©bec",Thu Oct 25 02:57:54 +0000 2018
[],Sad truth about a young man who could not get out of his own way.,CUBOSCO,"Franklin, TN",Thu Oct 25 02:58:42 +0000 2018
[],If only him and his program was open to the media,jamiedupler,"Upper Arlington, OH",Thu Oct 25 02:59:18 +0000 2018
[],I guess Iâ€™m going to have to start watching more Arkansas Football!! Congrats TC!!! Iâ€™m very proud of you!,LegacySBall,"Burleson, TX",Thu Oct 25 02:59:25 +0000 2018
[],"Donâ€™t sleep this weekend, is going to get active this weekend. Good luck to AC and the Trinity squaâ€_",mbelitefb,"Marina, CA",Thu Oct 25 02:59:35 +0000 2018
[],"Everything in my life is falling in place !! Grades , football , family , money Thank the man above",gabeevans_2,"Dover, DE",Thu Oct 25 02:59:58 +0000 2018
[],Kenyan football teen plants trees for goals -,_cirrus_minor_,"Glasgow, Scotland",Thu Oct 25 03:01:15 +0000 2018
[],HUUUUUUUGE W for tonight in Waconia. See you at Shakopee HS pm on Friday for Section Quarter-Finâ€_,EP_FanSection,"Eden Prairie, MN",Thu Oct 25 03:01:28 +0000 2018
[],Hayâ€™s in the barn! Chance at a Rio Hondo League title this Friday at Monrovia HS. pm. Two good teams! Come &amp; suppoâ€_,SMarinoFootball,San Marino High School,Thu Oct 25 03:01:30 +0000 2018
[],Good luck this weekend to and the NC Condors this weekend. Another week to eat. Letâ€™s get it.â€_,mbelitefb,"Marina, CA",Thu Oct 25 03:01:41 +0000 2018
[],Facts,therealkmilt,"Clovis, CA",Thu Oct 25 03:01:50 +0000 2018
[],okay so ik i already graduated and i rlly shouldnâ€™t care but like ? this yearâ€™s almond bowl beef especially makes mâ€_,LilyRitcheyy,"Red Bluff, CA",Thu Oct 25 03:02:46 +0000 2018
[],ready to watch choctaw football friday!,ethancrewss,"Tonkawa, OK",Thu Oct 25 03:02:51 +0000 2018
[],Wasn't that NC state's plan too?,LiveFrmCarolina,"Irmo, SC",Thu Oct 25 03:03:15 +0000 2018
"['Huskiepride', 'Huskiefb']",Letâ€™s get votes for Carter Huskies! Vote for Saginaw-area football Player of Week for Week,shpilmore,"Michigan, USA",Thu Oct 25 03:03:51 +0000 2018
[],"Football maybe in the â€™s. Curious , why do you say NBA at its peak now ?",brianstartare,"Glassboro, NJ",Thu Oct 25 03:04:11 +0000 2018
['Seahawks'],"When asked about CTE &amp; potential long-term health risks of football , LB Bobby Wagner talked about how heâ€_",benyarthur,"Renton, WA",Thu Oct 25 03:04:24 +0000 2018
[],BIG fact,Lawrence_abu9,"Richardson, TX",Thu Oct 25 03:04:35 +0000 2018
[],Itâ€™s the most wonderful time of the year,auzzie013,"Superior, WI",Thu Oct 25 03:04:45 +0000 2018
"['Huskiepride', 'Huskiefb']",Letâ€™s vote for Carter Huskies! Vote for Saginaw-area football Player of Week for Week,Huskietweets,"Michigan, USA",Thu Oct 25 03:04:49 +0000 2018
['caravan'],This is a political football that will never reach America and is being used to scare conservatives into vâ€_,willschones,"Washington, DC",Thu Oct 25 03:06:22 +0000 2018
"['wiaa', 'wisfb']",Great stuff from one Fond du Lac team to another. Iâ€™ll be out at Fond du Lac vs. Arrowhead this Friday.,mnaczek,"Oshkosh, WI",Thu Oct 25 03:06:24 +0000 2018
"['FreeArchie', 'RIVERDALE']",Archie never started a riot at the prison he was playing football! Like wtf???? ï¸è,jtogbatue,"Riverside, CA",Thu Oct 25 03:06:29 +0000 2018
['wenotme'],Play for no doubt,No_Ditching_EHS,"Redding, CA",Thu Oct 25 03:07:37 +0000 2018
[],"Free, fly, breast or back your way into $250!! Details on our Ohio State/Michigan football square fundraiser cominâ€_",Swim4USA,"Dublin, OH",Thu Oct 25 03:07:53 +0000 2018
[],Lmao people still think Italy is stuck in the â€™s or something _Ÿ__â€çï¸è smh,m_sami19,"Gatineau, QuÃ©bec",Thu Oct 25 03:08:16 +0000 2018
"['touchdown', 'runningback', 'endzone', 'highschoolfootball', 'football', 'nc', 'sc']",TJ for yards for a touchdown!!! â€_,HailstockBros,"Fort Mill, SC",Thu Oct 25 03:08:17 +0000 2018
[],"Seaside Spartan players need to play with some pride. players on Seaside need to step up, lead, do whatâ€_",mbelitefb,"Marina, CA",Thu Oct 25 03:08:35 +0000 2018
[],s THEME TOMORROW NIGHT FOR THE VBALL GAMESSSS AGAINST PLATTE VALLEY!! C: :30 Jv: :30 V: :30!!!!! BE THEâ€_,Tiger_news8,"Sterling, CO",Thu Oct 25 03:08:37 +0000 2018
[],Came from Vegas to see the Bears and Phins game a couple of weeks ago. Won a Frank Gore signed football at the Veriâ€_,allsportstvhd,United States,Thu Oct 25 03:09:49 +0000 2018
['thankgod'],Mannn football Wednesdays be having me tired as hell thanks to the kids going to different schools ... it always work out tho,Twatchkee,"Washington, DC",Thu Oct 25 03:10:56 +0000 2018
[],"Thanks for a great season! Led our team in tackles and made several big plays on offense, a college will be lucky tâ€_",OPSCHSFB,"Omaha, NE",Thu Oct 25 03:11:07 +0000 2018
[],*ucf is the best college football team,IveyRossi,"University, FL",Thu Oct 25 03:11:33 +0000 2018
[],the fact that tomorrow is the last ford center football game for the class of is the saddest thing ever....,Destiny_J15,"Allen, TX",Thu Oct 25 03:11:44 +0000 2018
[],"Our Boys B Football team traveled to Desert Oasis tonight &amp; won -0. Congrats boys, Coach Small, Coach Smith &amp; Coach Earnst",DanaCrowley28,"Las Vegas, NV",Thu Oct 25 03:13:04 +0000 2018
[],"Come on, .",Newsphotog72,"Knoxville, TN",Thu Oct 25 03:13:15 +0000 2018
[],Glad they made it a written policy not to let random executive attorneys of the Pac-12 randomly call in and make reâ€_,SeattleMariNERD,"Alaska, USA",Thu Oct 25 03:13:28 +0000 2018
[],WHOS READY FOR SOME RAIDER FOOTBALL TOMORROW NIGHT?? JUST A DAY EARLY GUYS! we hope to see you there!!,RaiderSenate,"Rockingham, NC",Thu Oct 25 03:13:51 +0000 2018
[],The Championship games should be played on aâ€_,C_Hernandez5,Tacoma Dome,Thu Oct 25 03:13:57 +0000 2018
[],Nothing is better than CBS playing their college football theme going to breaks every time,joshsabo15,"Cleveland, OH",Thu Oct 25 03:14:53 +0000 2018
[],"It was nice to meet you at the Browns training camp. You have mad skills, Tear this shit up thisâ€_",boss_man_bam,Cleveland Browns Training Facility,Thu Oct 25 03:15:10 +0000 2018
[],Cough cough Auntie,rogue_nole,"Florida, USA",Thu Oct 25 03:15:52 +0000 2018
"['fsl', 'fullertonsportsleague']",So proud of our Knights Football! League Champs! â€_,ms_comini,Buena Park Jr. High School,Thu Oct 25 03:16:26 +0000 2018
['Spurs'],The club that keeps on giving _Ÿ_£_Ÿ_£_Ÿ_£,DarrenBell23,"Dubai, United Arab Emirates",Thu Oct 25 03:17:13 +0000 2018
[],That kid was good in all of the Backyard games. On the football one he was unstoppable,Da_One_Rod,"Houston, TX",Thu Oct 25 03:17:41 +0000 2018
[],"Speaking of on-campus football stadiums, grass Warrior Stadium has been ripped out. Galt will get an all-turf &amp; aâ€_",MBushLodiSports,"Lodi, CA",Thu Oct 25 03:17:49 +0000 2018
[],"A pee wee football coach in Mobile claims other coaches are cheating and swapping out players for older, bigger, faâ€_",Kym_nbc15,"Mobile, AL",Thu Oct 25 03:18:14 +0000 2018
[],The fkn cheerleaders outside the football game in Riverdale holy shit HAHAHHA,ffscxtherine,"Melbourne, Victoria",Thu Oct 25 03:18:49 +0000 2018
[],"Last football game with my kids, there was a group of kids screaming at the top of their lungs during El Paso Highâ€™â€_",graceealv,"El Paso, TX",Thu Oct 25 03:18:50 +0000 2018
[],Much love to my mans this was a special day to years ago when I first met you. Youâ€™re an amazing footbâ€_,MarvinPearson28,"Pottstown, PA",Thu Oct 25 03:19:03 +0000 2018
[],Amen!!,susandirby,"Nashville, TN",Thu Oct 25 03:19:11 +0000 2018
[],Need community service hours? Want to work the varsity football game? Help in the parking lot or at the snack barâ€_,TvhsUpdates,"Temecula, CA",Thu Oct 25 03:19:16 +0000 2018
[],Team Spanberger sponsors the Louisa football game last Friday. Guess whose sign also turned up? But not the candidate!,docpurcell,"Virginia, USA",Thu Oct 25 03:19:24 +0000 2018
[],From day one this was a brilliant buy,morsey7,"Blakedown, England",Thu Oct 25 03:19:37 +0000 2018
[],Funny that Sage was good enough to have the bad minutes &amp; I have no clue whoâ€_,bballMurphy23,"Charlotte, NC",Thu Oct 25 03:20:07 +0000 2018
[],Tonight I had the privilege of speaking at St. James High School football stadium packed with students who came outâ€_,DawnSmithJordan,"Socastee, SC",Thu Oct 25 03:20:11 +0000 2018
[],"I was in my sons football game darn it I missed the first chat, but will join u aâ€_",nardalugo123,"Pharr, TX",Thu Oct 25 03:20:33 +0000 2018
[],Is that your starting fantasy football team?,funnyithink1,"Los Angeles, CA",Thu Oct 25 03:21:02 +0000 2018
"['football', 'wings', 'beer']","Great food, fun and Cleveland Browns Football",boss_man_bam,WingHouse Bar & Grill,Thu Oct 25 03:21:52 +0000 2018
[],"Is football back on yet? Politics want to make me fight someone. Not that I hate that people disagree, itâ€™s just they are assholes about it.",swan931,"Texas, USA",Thu Oct 25 03:22:28 +0000 2018
[],Thatâ€™s exactly what it is All you can ask a team to do is beat everybody on their schedâ€_,Dusty_Coog20,"Houston, TX",Thu Oct 25 03:22:35 +0000 2018
[],Between that â€œfoam zoneâ€ù trainwreck on Monday Night Football and these â€œquick wordsâ€ù from Disney or whoever betweenâ€_,errxn,"Texas, USA",Thu Oct 25 03:22:37 +0000 2018
[],if not...... you got yourself a football squad!,___dayc,"Anchorage, AK",Thu Oct 25 03:25:01 +0000 2018
[],How four native Iowans formed unique bond and became Hawkeye starting defensive line via,BeaumontLue,"Delaware, OH",Thu Oct 25 03:25:10 +0000 2018
[],Ronnie Lott would never let the football program go to hell like you have.,spkspindog,"Los Angeles, CA",Thu Oct 25 03:25:29 +0000 2018
[],Don't miss the final games for the day on Oval for Day at the SSA Combined Touch Football Championships â€_,SchoolSportAust,"Melbourne, Victoria",Thu Oct 25 03:26:00 +0000 2018
[],Can yâ€™all be back to winning football games yet?,ELD3B,"Florida, USA",Thu Oct 25 03:26:06 +0000 2018
"['ReaperNation', 'ReaperPride']",Need the entire in the stands supporting our Reapers!,ReaperFootball,"Plano, IL",Thu Oct 25 03:26:06 +0000 2018
[],Thurmmmmm!,MLoffredoTV,"Amherst, NY",Thu Oct 25 03:26:54 +0000 2018
[],"Hey Ross, if kicking shouldn't be an important part of football, then change the namâ€_",ZekePowerz,"Clyde, NC",Thu Oct 25 03:27:21 +0000 2018
[],This year has been a year of firsts. st time announcing Football. st time announcing a soccer game. st time annoâ€_,NBEaglesPA,"Hillview, KY",Thu Oct 25 03:27:32 +0000 2018
[],"This is why i hate the game and the fan base, how would you support a game this which is literally KungFu street football",mahmoudabid,"Riyadh, Kingdom of Saudi Arabia",Thu Oct 25 03:28:05 +0000 2018
[],"This is a subtweet: if you actually respond to people that offer you a trade in fantasy football, you can do bettâ€_",Kenyonj36,"New York, USA",Thu Oct 25 03:28:16 +0000 2018
[],Yâ€™all donâ€™t know sports at all lol you talking like you understand football and the dolphins suck,D_Money_52,"Golden Glades, FL",Thu Oct 25 03:29:00 +0000 2018
[],Um does she offer classes? Cause I have a lot to learn about the game and sheâ€™s amazing!,tuckergirl,"Corman Park No. 344, Saskatchewan",Thu Oct 25 03:29:23 +0000 2018
[],"If Alabama really wants to know if they can truely beat LSU, they would want Devin White to play. Tuscaloosa has beâ€_",lele_les,"Bossier City, LA",Thu Oct 25 03:29:32 +0000 2018
['Bulls'],Riding home and basking in the glow of the first win of the season? Then tune into as â€_,mfc2123,"Chicago, IL",Thu Oct 25 03:29:35 +0000 2018
[],Also when did Rob Corddry change his name to PJ Fleck and start coaching the Minnesota football team?,cydneyjin,"Brooklyn, NY",Thu Oct 25 03:30:09 +0000 2018
[],"I love analytics. Honestly, I want data from every football play ever sorted by league, college vs pro, etc. that wâ€_",CarasikS,"Marietta, GA",Thu Oct 25 03:30:27 +0000 2018
[],"Those here, yep. I can answer that one. Freaking amazingâ€_",WSukkarieh,"Sydney, New South Wales",Thu Oct 25 03:30:34 +0000 2018
[],I've heard them chant it at Gillette Stadium during a football game. It has nothing to do with Manny.,bakerboys93,"Sleepy Hollow, NY",Thu Oct 25 03:30:50 +0000 2018
[],Youâ€™re an OG if you remember playing back yard football with one of these bad boys.,Mbooshi,"Des Moines, IA",Thu Oct 25 03:31:02 +0000 2018
[],"I joked last year that the real nuclear ""football"" suitcase was swapped for one with a sort of Fischeâ€_",StefanEJones,"Beaverton, OR",Thu Oct 25 03:31:15 +0000 2018
[],Shoutout to the best football mom for being at every game rain or shine! You da real mvp!!! Also thanks for the snacks_Ÿ_˜,neali_ferrell10,"Durango, CO",Thu Oct 25 03:31:18 +0000 2018
[],Here's all the info u need.. Thank you to,SHSVIKINGSFANS,"Spartanburg, SC",Thu Oct 25 03:31:30 +0000 2018
[],"on January , . They have three children together: sons CordÃ© (born August , ) and Cordell (born Februarâ€_",Evie_Calling,"Plano, TX",Thu Oct 25 03:31:48 +0000 2018
[],damn you got the locks lol,D_Money_52,"Golden Glades, FL",Thu Oct 25 03:32:09 +0000 2018
[],YESSSS CHRIS &amp; CIANA,sophhh_0,"Huntsville, TX",Thu Oct 25 03:32:36 +0000 2018
['TexasForever'],THIS IS A VERY HOT TAKE. But Riggins was the best brother ever.,JoeHealey42,"Mesa, AZ",Thu Oct 25 03:32:47 +0000 2018
[],Lol I saw you guys at petting zoo thing lol my dad recognize Cody from football lol,DallasSpeer,"Maricopa, AZ",Thu Oct 25 03:32:57 +0000 2018
[],"Quick run after the Poly match, seen two football players and two volleyball players haha. Some things never change",Guardabascio,"Long Beach, CA",Thu Oct 25 03:34:05 +0000 2018
[],Wow! I do hope to hear him speak some day. How awesome is our God! _Ÿ§¡,GidgetWalsh1,"Brentwood, TN",Thu Oct 25 03:34:52 +0000 2018
[],"Before NBC stepped in, it was actually about football. Ah, memories.",AllHailBrak57,"Arizona, USA",Thu Oct 25 03:35:29 +0000 2018
[],Random annoyed thought:itâ€™s football season and I have yet to watch Varsity Blues as itâ€™s part of my season traditiâ€_,Philmor21,"New Jersey, USA",Thu Oct 25 03:35:32 +0000 2018
"['lsu', 'GeauxTigers', 'foreverlsu']",Chad Jones may be my favorite tiger....that man was so dominant in both baseball and football,Grider_Drew,"Texas, USA",Thu Oct 25 03:36:34 +0000 2018
[],Random annoyed thought:itâ€™s football season and I have yet to watch Varsity Blues as itâ€™s part of my season traditiâ€_,Philmor21,"New Jersey, USA",Thu Oct 25 03:36:56 +0000 2018
['TeamFootball'],This was my mindset my whole time with . . O-Linemen are a great definition of what aâ€_,jtaylor_65,"Martin, TN",Thu Oct 25 03:37:00 +0000 2018
[],Meeee when the football team go on the road,LynellSooDope,"Guthrie, OK",Thu Oct 25 03:37:10 +0000 2018
[],Look itâ€™s real football we are seeiâ€_,mikeag96,"Texas, USA",Thu Oct 25 03:37:16 +0000 2018
[],It amazes me how fast college football season goes by!!!,emilywirtztv,"Mission Viejo, CA",Thu Oct 25 03:37:26 +0000 2018
[],I hate that we have an Administration that denies what is arguably the most pressing problem for our planet--climatâ€_,AnnCross12,"Fort Collins, CO",Thu Oct 25 03:37:27 +0000 2018
[],Iâ€™d eect nothing less from a dude named Chad,UK__David,"Kentucky, USA",Thu Oct 25 03:37:28 +0000 2018
[],What the hell you didn't like football anyway aren't you playing golf get off of Twitter,Karen35488276,"Richmond, CA",Thu Oct 25 03:38:20 +0000 2018
['TeamFootball'],This was my mindset my whole time with . . O-Linemen are a great definition of what aâ€_,jtaylor_65,"Martin, TN",Thu Oct 25 03:38:45 +0000 2018
[],If he was black he wouldnâ€™t be in the league tho,juicy_juice2,"Charlotte, NC",Thu Oct 25 03:39:06 +0000 2018
[],"todd i am searching bing for haydenâ€™s impact on college football, and also watching every broadcasâ€_",jimmyroe40,"Iowa, USA",Thu Oct 25 03:39:18 +0000 2018
[],Congrats to Highland Sr RB/DB Kohner Cullimore on another offer to play college football. Well deserved.,HighlandHawksFB,"Gilbert, AZ",Thu Oct 25 03:39:27 +0000 2018
[],Baseball players ï¸è,PrinceBecka,"Spring, TX",Thu Oct 25 03:39:33 +0000 2018
[],"Good luck moving forward, Rat! No. high school QB recruit ruled ineligible",CoachKeith_NP,"Cerritos, CA",Thu Oct 25 03:39:35 +0000 2018
[],I would not ask to play football,BigFace512,"Kyle, TX",Thu Oct 25 03:39:39 +0000 2018
[],Love Coach Cutcliffe! All high school football players should hear this and take it to heart!,DillDlazyB,"Gleneagle, CO",Thu Oct 25 03:39:51 +0000 2018
[],"Wow! We were in Neyland. On the day he was injured, and remember the concern we all felt. What an amazing man! I doâ€_",GidgetWalsh1,"Brentwood, TN",Thu Oct 25 03:40:06 +0000 2018
[],Thursday October . Frosh Football League Championshipâ€”Ramona(4-0) vs Valley Center(4-0)â€”Clash of the Titansâ€” :00PM HOME,CoachSalazar18,"San Diego Country Estates, CA",Thu Oct 25 03:40:37 +0000 2018
[],The QB graphic will definitely be shown.,McKeon35,"Ohio, USA",Thu Oct 25 03:41:32 +0000 2018
[],This kid amazes me every day with something else. Straight A student and the most passionate kid on the baseball diâ€_,Marlongarza10,"McAllen, TX",Thu Oct 25 03:42:26 +0000 2018
[],BLESSED!!,JHHyneman,"Jonesboro, AR",Thu Oct 25 03:42:27 +0000 2018
[],Much praise to the Big Ten!! High school sports need to take note. Pregame basketball where a team crosses mid coâ€_,Chrs_Cornelison,"Mississippi, USA",Thu Oct 25 03:42:38 +0000 2018
[],"in the bag Really liked the chat about manager in the sack race, MH has to go soon! Good points about the loâ€_",FPLLewis,"Adelaide, South Australia",Thu Oct 25 03:43:00 +0000 2018
[],My main man high school football is like no other the relationships and memories you build is something special!â€_,Unrestricted_50,New Mortimer Jordan High School,Thu Oct 25 03:44:20 +0000 2018
[],Great to see Hemi and Owen from our Touch Football squad representing NSW U/15â€™s this week at Naâ€_,CCASport,"Hobart, Tasmania",Thu Oct 25 03:44:47 +0000 2018
[],I was incorrect on what happens after Ellensburg football plays Prosser this weekend. â€œEllensburg-Prosser winner wiâ€_,lukeolsonb,"Ellensburg, WA",Thu Oct 25 03:45:31 +0000 2018
[],great read- Delusional Optimism is Mad As Hell via,cmlegrand1,"Slidell, LA",Thu Oct 25 03:45:59 +0000 2018
[],"For the first time ever, my eBook is FREE for Days! (Original Price: $19.99) Click the following link to readâ€_",GeorgeChiu11,United States,Thu Oct 25 03:46:11 +0000 2018
[],I feel very fortunate to have worked with Jim these last few years. Coach Woodson has a lot of heart and has dedicaâ€_,RVAMASSA,"Bon Air, VA",Thu Oct 25 03:46:22 +0000 2018
[],HIGH PREDICTION RESULTS! Learn how to build an advanced football prediction system by using AIs Click here and Readâ€_,GeorgeChiu11,United States,Thu Oct 25 03:46:52 +0000 2018
[],Genuinely think everyone can benefit from watching . Itâ€™s not just about football. Itâ€™s not just abouâ€_,amberrchilders,"Logan, UT",Thu Oct 25 03:46:57 +0000 2018
['DenverBroncos'],Beast.,oliviajeann_,"Newport News, VA",Thu Oct 25 03:47:15 +0000 2018
[],"For the first time ever, my eBook is FREE for Days! (Original Price: $19.99) Click the following link to readâ€_",GeorgeChiu11,United States,Thu Oct 25 03:47:22 +0000 2018
[],Lots of cool things happening this weekend football ball game on Saturday and quail and pheasant season starts this weekend,gunnermartin2,"Iowa, USA",Thu Oct 25 03:47:45 +0000 2018
[],Manchester United icon Robin van Persie makes retirement announcement,ZedShowgirl,"Queens, NY",Thu Oct 25 03:47:59 +0000 2018
[],Lmao The Horror â€çï¸è,TheBriBankss_,"Queens, NY",Thu Oct 25 03:49:32 +0000 2018
[],"Nes double dragon, snes is final fantasy VI hands down kefka is one villain that can never be forgoâ€_",CladCrowe,"Hinesville, GA",Thu Oct 25 03:50:19 +0000 2018
[],The hard sell is NFL gig has an off-season. College football you are coaching or recruiting year roâ€_,T_Thomas3400,"Four Points, TN",Thu Oct 25 03:52:22 +0000 2018
[],his eyes arenâ€™t even. _Ÿ_·â€çï¸è,QueenCandace94,"Casper, WY",Thu Oct 25 03:54:19 +0000 2018
[],Deb...sheâ€™s an NFL Hall of Famer &amp; fellow Aggie! Well connected in the college football worlâ€_,Aggie82x2,"Texas, USA",Thu Oct 25 03:54:32 +0000 2018
[],Joe BUCK HAS BEEN THE BEST FOR A LONG LONG TIME WEATHER ITS BASEBALL or FOOTBALL JOE IS THE BEST OF THE BEST!!!!!,bigal754,"Oak Forest, IL",Thu Oct 25 03:54:33 +0000 2018
['TeamATN'],"I come for the football, I stay for the bits",Danieljhall6,"Atlanta, GA",Thu Oct 25 03:54:39 +0000 2018
[],IGNORANT THUGS _Ÿ_·â€çï¸è,OVOTY_,"Georgia, USA",Thu Oct 25 03:55:01 +0000 2018
[],Hey ...I have an extra ticket to the FSU/Clemson game this Saturday if you want it. Come on down toâ€_,GaryLardon,"Flower Mound, TX",Thu Oct 25 03:55:35 +0000 2018
[],Our flag football winners from tonight!! Congrats,CoLinResLife,"Mississippi, USA",Thu Oct 25 03:56:19 +0000 2018
[],This Devonte Freeman commercial even though heâ€™s on IR not giving me anything in fantasy football &lt; _Ÿ__â€çï¸è,Dallas_TX75241,"Dallas, TX",Thu Oct 25 03:56:39 +0000 2018
[],Here come the upgrades,BlackPacificCap,"California, USA",Thu Oct 25 03:56:54 +0000 2018
[],Football on a thirsty Thursday _Ÿ_ª,_xdayanna,"Morgantown, WV",Thu Oct 25 03:56:56 +0000 2018
[],football players are a bunch of assholes but I love assholes,naIg0na,"California, USA",Thu Oct 25 03:57:00 +0000 2018
[],fuck. football games are the WORST,EmilyAurora_24,"Chattanooga, TN",Thu Oct 25 03:57:42 +0000 2018
['Vol'],"Hey, fans! Hereâ€™s a sneak peek of the football signed by Coach Pruitt &amp; staff that weâ€™ll be auctioning off wheâ€_",northaltennalum,Below the Radar,Thu Oct 25 03:57:43 +0000 2018
[],My straight friend when I donâ€™t reply to his Fantasy Football trade offer fast enough...,ChiBromo,"Chicago, IL",Thu Oct 25 03:57:57 +0000 2018
['CForge'],Come out before the football game to see these girls at their senior night at pm!,Jenmuhlenbruck,Colonial Forge High School,Thu Oct 25 03:59:26 +0000 2018
"['picoftheday', 'optoutside', 'photography', 'minimal', 'football']",don't quit... keep going // give Him your best,Strawberry24X7,Union High School,Thu Oct 25 04:00:09 +0000 2018
[],"Greetings! Itâ€™s :01 AM, which means it is officially Tackle Football Game Day! Oh to the Yeah! Rock &amp; Roll baby!â€_",coachcraw4d,"Newport, TN",Thu Oct 25 04:01:05 +0000 2018
[],Iâ€™m hoping this years UT basketball team can heal the deep scars our football team has caused me cuz ya girl is HURT,hflvolley22,"Tennessee, USA",Thu Oct 25 04:01:15 +0000 2018
[],"Proud of bro , we came from where itâ€™s hard to make it with zero to little opportunity. Keep striving bro Iâ€™m readyâ€_",AlmightyCori__,"Magnolia, AR",Thu Oct 25 04:03:16 +0000 2018
[],"if your girl watches you play video games, gose to your football games, wears your jerseys &amp; jams out to the same mâ€_",2christianf,"Las Cruces, NM",Thu Oct 25 04:03:57 +0000 2018
"['fall', 'middleschool', 'football']",Covered a little action for my cousin today. Photo by: â€_,BrianSevald,"Royal Oak, MI",Thu Oct 25 04:04:10 +0000 2018
[],aw man my mom needs her car tomorrow morning so i can't go to football practice. guess ill have to sleep for ten hoâ€_,hitemwiththe4,"Pittsburgh, PA",Thu Oct 25 04:06:01 +0000 2018
[],Love hearing about &amp; telling the stories of athletesâ€™ other talents &amp; passions that people donâ€™t always see as muchâ€_,JeritRoser,"Baton Rouge, LA",Thu Oct 25 04:06:53 +0000 2018
[],But God forbid he kneel during the anthem because then heâ€™d be unemployable.,scottsimonsWVLA,"West Hollywood, CA",Thu Oct 25 04:07:49 +0000 2018
[],When you look good you cheer good! Lady Jagsdid a fantastic job cheering our football team for thâ€_,JohnEarlyMMM,Pearl Cohn High School,Thu Oct 25 04:08:39 +0000 2018
['Abondneverbroken'],I consider my whole football team as my brothersbest believe it's us against you.,fishlips70,"San Antonio, TX",Thu Oct 25 04:09:24 +0000 2018
[],Hang in there It can be bigger than any of us. Love yourself.,jhs_sanchez001,"Whittier, CA",Thu Oct 25 04:09:31 +0000 2018
[],"I donâ€™t like being negative on social media, but your football podcast today could not be any more negâ€_",alexEbaker,"Enid, OK",Thu Oct 25 04:11:10 +0000 2018
[],I hate the fact our coaches and players are all over the media talking and acting as if Chiefs are a small team thaâ€_,JoeweeCarter,"Midrand, South Africa",Thu Oct 25 04:12:23 +0000 2018
[],Celebrating a great Football and Volleyball season at Johns Incredible. Spartans demonstrated great sportsmanship aâ€_,Serrano_OMSD,"Montclair, CA",Thu Oct 25 04:12:24 +0000 2018
[],Time to redo the office pool,scottwaltersmsu,"Columbus, MS",Thu Oct 25 04:12:39 +0000 2018
[],"Bruh after High School, Football is nothing but a Business and Lifestyle _Ÿ_·â€çï¸è_Ÿ_”",burks_mb,"Fort Dodge, IA",Thu Oct 25 04:12:47 +0000 2018
[],Same. I don't hear enough about SEC football on a regular basis so this is honestly so refreshing.,hilwarren,"Florissant, MO",Thu Oct 25 04:13:52 +0000 2018
[],Do you attend football games if you are taking the ACT in the morning?,angeleeb5,"Collierville, TN",Thu Oct 25 04:15:24 +0000 2018
[],. promised me in May heâ€™d hook me up with some of his work ... _Ÿ_¨_Ÿ_¨_Ÿ_¨,samspiegs,"New Orleans, LA",Thu Oct 25 04:16:42 +0000 2018
[],THE THRILL,johnblascojr,"Denver, CO",Thu Oct 25 04:17:06 +0000 2018
[],When one of your official titles is Bison Football Analyst ... itâ€™s not much of a contest lol! And if anyoâ€_,bethhooleVNL,"Fargo, ND",Thu Oct 25 04:17:13 +0000 2018
['sportsjunkie'],This is the best time of the year. Football/Basketball/Baseball all going on right now,LouieLiftsAlot,"Vincent, CA",Thu Oct 25 04:17:28 +0000 2018
[],Tomorrow is Fresh/Soph football game against Compton. Can't wait!!!!! Go Bruins Go!!!!! Woodrow Wilson Classicalâ€_,LIL_MAMI195,"Long Beach, CA",Thu Oct 25 04:19:39 +0000 2018
[],yarder for the last field goal Iâ€™ll ever kick in high school. Forever thankful I started playing a year ago. Gonâ€_,matthiaskicking,Wright-Tree Stadium,Thu Oct 25 04:19:47 +0000 2018
[],Peewee football is no joke. I got a nice long lesson at the E.R. About the meaning of a â€œstingerâ€ù. _Ÿ__â€çï¸è,Kristina_Moats,"Graham, WA",Thu Oct 25 04:19:47 +0000 2018
[],This why I like football more at least itâ€™s more chance ya team can win than basketball,SwaggyRa,"Philadelphia, PA",Thu Oct 25 04:19:49 +0000 2018
[],Must be an east coast thing. Comes from football. Also itâ€™s hell.,Kenien,"Oakland, CA",Thu Oct 25 04:20:21 +0000 2018
[],Thursday night footballTNF.. iconlounge148 drink specials all night. lynnparkproject fâ€_,WestsideRon,"Indianapolis, IN",Thu Oct 25 04:21:03 +0000 2018
[],Damn,NINO_GBB,Namibia,Thu Oct 25 04:22:00 +0000 2018
[],I donâ€™t watch football so Iâ€™ll probably never see it or Iâ€™ll have to YouTube it,mahershmallow,"Liverpool, England",Thu Oct 25 04:22:18 +0000 2018
[],A nice read for your evening about school administrations that have taken appropriate action:,KyleTekautz,"Des Moines, IA",Thu Oct 25 04:22:23 +0000 2018
[],"You're gonna put a lot of BS ""hitting coaches"" out of business. Football is almost over. Gonna restartâ€_",mshaffer20,"Pleasanton, CA",Thu Oct 25 04:22:37 +0000 2018
[],Be sure to pick up Thursday's edition of The Sentinel Sports to get the details on Friday night's area football gamâ€_,John_Krueger,"Nacogdoches, TX",Thu Oct 25 04:23:32 +0000 2018
[],"Football outsiders ... you can see with the price of cards that's only like k Max. Wish me luck, hopefully itâ€_",iim_riskyy,"Warwick, RI",Thu Oct 25 04:24:02 +0000 2018
[],"Finished with training and very eager to watch the Dortmund v Atleti match tonight. -0??? Damn In general, how maâ€_",SupremacyTF,"Gardena, CA",Thu Oct 25 04:24:32 +0000 2018
[],In against Tunisia. Ai papa this is my best memories of S.A. Football,SolleeTshediso,"Zamdela, South Africa",Thu Oct 25 04:24:42 +0000 2018
[],Could and be any more negative? If you hate the team and coachesâ€_,alexEbaker,"Enid, OK",Thu Oct 25 04:24:45 +0000 2018
[],Those are either country capitals or bigger / economically stronger regional cities. Liverpool punchâ€_,SuperFurryBrad,"Leeds, England",Thu Oct 25 04:26:30 +0000 2018
[],BUUUUURRRRRRNNN!!,jeanab14,"Texas, USA",Thu Oct 25 04:27:19 +0000 2018
[],Scientist: â€œGeneric engineering will let us design the future.â€ù Child: â€œCan we make butterflies that can pollenateâ€_,TruettDietz,"Atlanta, GA",Thu Oct 25 04:27:25 +0000 2018
[],an American professional wrestler and a former professional gridiron football player.He is part of the AnoaÊ»i familâ€_,PuraneKetan,"Ahmadnagar, India",Thu Oct 25 04:28:56 +0000 2018
"['WorldCup', 'TeamJapan']",Keisuke Honda green JERSEY of just posted at link in profile () â€_,WatchTheBreaks,"Beverly Hills, CA",Thu Oct 25 04:28:58 +0000 2018
[],"In the long run character, not talent, matters.",coach_uy,"Hendersonville, NC",Thu Oct 25 04:29:14 +0000 2018
[],"Goodnight everybody! Itâ€™s been another bad health day, but my Red Sox are one more game closer to winning the Worldâ€_",Ladyfemme9,"Massachusetts, USA",Thu Oct 25 04:29:35 +0000 2018
[],Funny when irrelevant players talk smack.,AlexWalkerTV,"Kentucky, USA",Thu Oct 25 04:30:59 +0000 2018
[],"Hear, hear, !",Annie47429344,"Detroit, MI",Thu Oct 25 04:31:11 +0000 2018
"['babycakes', 'mylifeincolor', 'mmscheerleader']",Kaydenâ€™s last th grade football game. Mooresville Middle School Redâ€_,shanabragg,"North Carolina, USA",Thu Oct 25 04:31:16 +0000 2018
[],"Retired from college football, Larry Culpepper now hangs out at matches Laddie E Cimpl Arena",JCimburek,"Yankton, SD",Thu Oct 25 04:31:19 +0000 2018
[],â€_,CoachHolst,"California, USA",Thu Oct 25 04:31:25 +0000 2018
[],Damn ya tweet was stupid as shit and you had to change to football. We talking about basketball idiot,e_m_d22,"San Jose, CA",Thu Oct 25 04:31:26 +0000 2018
[],"Football outsiders cost me training , gold badge and silver badge, ... Wish me luck",iim_riskyy,"Warwick, RI",Thu Oct 25 04:31:28 +0000 2018
['SmallJoys'],A cold and some highlights after a -0 win...basketball and football,GIGJB,Trinidad and Tobago,Thu Oct 25 04:31:43 +0000 2018
[],let them know blood,mylesthomas_10,"Chicago, IL",Thu Oct 25 04:32:09 +0000 2018
[],This is why college football is the best.,Chris_Oven,"Norman, OK",Thu Oct 25 04:32:26 +0000 2018
[],We should use the football air-yard stats for Stephâ€™s threes.,thomweaver24,"Philadelphia, PA",Thu Oct 25 04:33:11 +0000 2018
[],Truly selfless. Only care about their teammates and scoreboard.,Spenc_Armstrong,"Air Force Academy, CO",Thu Oct 25 04:33:18 +0000 2018
[],They need to take Someone from defenseâ€™s C and give it to,NewKungFuKenny,"Martinez, CA",Thu Oct 25 04:34:11 +0000 2018
[],Dark ages football stadium,blayneyblanet,"Grays, East",Thu Oct 25 04:35:11 +0000 2018
[],continues to be the laughing stock of the power .,bryand85,"Lakewood, WA",Thu Oct 25 04:35:18 +0000 2018
[],No yâ€™all just think yâ€™all will win the fucking natty every year when in all reâ€_,TheJKing_12,"Tennessee, USA",Thu Oct 25 04:35:43 +0000 2018
[],Oh Iâ€™ve asked some questions to some fellow alum faâ€_,alexEbaker,"Enid, OK",Thu Oct 25 04:35:43 +0000 2018
[],"Dear Seattle, There are other sports than Seahawks football.",RealRidgeODell,"Seattle, WA",Thu Oct 25 04:35:53 +0000 2018
[],Except this time FSU isnâ€™t ranked and doesnâ€™t have one of the best football teams to ever play college football lol,Robss6,"South Carolina, USA",Thu Oct 25 04:36:15 +0000 2018
[],Iâ€™m gonna be sick,Ceevee3o,"Lubbock, TX",Thu Oct 25 04:36:39 +0000 2018
['football'],It'll be Thursday night instead of the usual Friday night game to close out Little Bit's school's footbalâ€_,shinyclothingc1,"Sumter, SC",Thu Oct 25 04:38:04 +0000 2018
[],Canâ€™t wait for this tonight. Go hard,cameron_honey2,"Sydney, New South Wales",Thu Oct 25 04:38:34 +0000 2018
[],Idea for : labels. Let me label who I follow and filter my feed when I want to only see SaaS/Fantasy Footbaâ€_,geoff_byron,"Walnut Creek, CA",Thu Oct 25 04:38:52 +0000 2018
[],Talk about getting eure,HASthe3rd,"Severn, MD",Thu Oct 25 04:40:15 +0000 2018
"['SPLENDAcrowd', 'sponsored']",I would love to make these for the Halloween party this weekend.,beej789,"Parma, OH",Thu Oct 25 04:40:46 +0000 2018
[],"Dear Seattle, There are other sports besides Seahawks football.",RealRidgeODell,"Seattle, WA",Thu Oct 25 04:40:50 +0000 2018
[],After the last couple of underachieving football years we realâ€_,TheCoachinator,"Pensacola, FL",Thu Oct 25 04:41:48 +0000 2018
[],Football outsider pack so far we have L Meh and W . .. cost me training n a silver n gold token wish me lâ€_,iim_riskyy,"Warwick, RI",Thu Oct 25 04:41:50 +0000 2018
[],UH football was so bad in the s under him my dad took me to Rice instead when I was a kid.,SHPawdcast,"San Marcos, TX",Thu Oct 25 04:41:57 +0000 2018
[],Wow! All the people of the planet should hear this. Retweet it.,18donbaker,"South Carolina, USA",Thu Oct 25 04:42:41 +0000 2018
[],Inktober Day Football fact Those pentagon groves on the ball are very important because the help catch the windâ€_,comicenginealex,"Atlanta, GA",Thu Oct 25 04:43:17 +0000 2018
[],"Dear college football god, I would trade a loss to Arkansas if we could just beat Bama this year. I just want one wâ€_",RichHomieDave11,"Baton Rouge, LA",Thu Oct 25 04:44:00 +0000 2018
['SIZZLETOWN'],"Action-packed episode of featuring Barry Football, Dionâ€™s lawyer and the Pikelet Man!",connermoo,"Adelaide, South Australia",Thu Oct 25 04:45:06 +0000 2018
[],"you lost to the guy who drafted eli manning, what do you know?",notstephensabo,"Toms River, NJ",Thu Oct 25 04:45:19 +0000 2018
['WLeague'],"Perfect football day. Starting with winning, finishing with opener. On and tâ€_",NedGrandstand,"Sydney, New South Wales",Thu Oct 25 04:46:14 +0000 2018
[],"football players should throw a party in panther quarters this week, just saying _Ÿ_·â€çï¸è",bribrielle_,"Prairie View, TX",Thu Oct 25 04:46:57 +0000 2018
[],POINT COOK FC JUNIOR FOOTBALL ACADEMY REGISTRATIONS CLOSE IN WEEKS!! See link in bio to register Point Coâ€_,PointCookFC,"Melbourne, Victoria",Thu Oct 25 04:48:48 +0000 2018
[],COPA Future Stars Camp has kicked off and it has been nothing short of the boys rubbing shoulders andâ€_,PlaymakersZA,"Johannesburg, South Africa",Thu Oct 25 04:49:29 +0000 2018
[],Sergio Busquets escaped from two defenders inside the space of a telephone boothâ€_ dem gadâ€_,SampleMayne,Jamaica,Thu Oct 25 04:50:09 +0000 2018
[],Futureï¸è,Pdl_Milan,"Melbourne, Victoria",Thu Oct 25 04:50:18 +0000 2018
[],Happy birthday the greatest flag football coach in CVI _Ÿ_™,DJ_Gutierrez99,"Castro Valley, CA",Thu Oct 25 04:50:18 +0000 2018
['SouthSudan'],"And as is also the newest member of FIFA, it makes sense to follow it up with a football match. Of courâ€_",TimKrap,Juba,Thu Oct 25 04:50:44 +0000 2018
[],High school football preview: Don Lugo vs. Chaffey on Thursday,SteveRRamirez,"Rancho Cucamonga, CA",Thu Oct 25 04:50:56 +0000 2018
[],Iâ€™m there Coach!,PicoTrojan,"Pico Rivera, CA",Thu Oct 25 04:50:56 +0000 2018
[],NBA College Football NFL College Basketball,jalennbryant,"Norman, OK",Thu Oct 25 04:52:03 +0000 2018
[],No hard and fast rules I agree. But if the only way you eerience football is via a screen you are misâ€_,BNEShrimper,"Brisbane, Queensland",Thu Oct 25 04:52:18 +0000 2018
[],THURSDAY NIGHT FOOTBALL,meka_george,"Lagos, Nigeria",Thu Oct 25 04:52:34 +0000 2018
[],lol i think his football vids are good but its hard to be taken serious i mean yeah the Eagles areâ€_,SavnRyansPrvate,"Tempe, AZ",Thu Oct 25 04:52:39 +0000 2018
[],Big football guy quote,fialabama,"Scranton, PA",Thu Oct 25 04:52:40 +0000 2018
[],"Agreed. Football is indeed a universal sport, one of the major spectacles that bring the world together.",SimangalisoMdl2,"Johannesburg, South Africa",Thu Oct 25 04:55:08 +0000 2018
[],Nothing puts the constant flux of talent and power in the NFL better than fantasy football. Sans New England. They don't stop.,jp4dubv,"St Albans, WV",Thu Oct 25 04:55:08 +0000 2018
[],What an football eerience! Main stand at the Bombonera!COMMEBOL Libertadores Semi Final . October Boca Juniorsâ€_,FPSFair,"Ciudad AutÃ_noma de Buenos Aires, Argentina",Thu Oct 25 04:56:07 +0000 2018
"['goCougs', 'palouseposse', 'bestinthewest', 'pac12', 'unclerico']",Cougs rolling with the seed,_beejanka,"Scottsdale, AZ",Thu Oct 25 04:56:30 +0000 2018
[],and plays football,breepapas,"Phoenix, AZ",Thu Oct 25 04:57:00 +0000 2018
[],Come on out Friday Night for the big rivalry game! vs !!!,brandon_beard,"Manchester, NH",Thu Oct 25 04:57:12 +0000 2018
[],Toro frosh football finishes strong with a convincing win over the Dobson Mustangs.,MVTAthletics,"Fountain Hills, AZ",Thu Oct 25 04:57:30 +0000 2018
[],"FMFFT fuck my fantasy football team, winless in the Bescup league (not too much better in the Pendleton league) â€_",DankGameAlert,"Paradise, NV",Thu Oct 25 04:57:42 +0000 2018
"['campusofchampions', 'torosrising', 'babytoros']",Toro frosh football finishes the season strong with a convincing win over the Dobson Mustangs.,MVTAthletics,"Fountain Hills, AZ",Thu Oct 25 04:59:04 +0000 2018
[],Iâ€™ll pay a dollar to see you pick up a bar of soap thatâ€™s all i ask.,PapiHundro,"Hammond, LA",Thu Oct 25 04:59:21 +0000 2018
[],Enjoyed talking with about their postseason aspirations! Look forward to eeriencing that environmeâ€_,NCouz,"Fargo, ND",Thu Oct 25 05:00:10 +0000 2018
[],I just. PAID. For a ticket. To an NSU football game.,alecseanh,"Garland, TX",Thu Oct 25 05:00:34 +0000 2018
[],Watch out for these players in the upcoming I-League season â€_,iffc_official,"West Bengal, India",Thu Oct 25 05:00:52 +0000 2018
[],See this why I don't play fantasy football anymore. I'll never play a man who plays against the Saints!! Smh,SAINTSnLAKERS,"Burbank, CA",Thu Oct 25 05:01:35 +0000 2018
[],"the school itself is an amazing school for what i want to study. its the fans that make me go crazy, iâ€_",marrpope,"Keystone, FL",Thu Oct 25 05:01:58 +0000 2018
[],Kaizer Chiefs football club need to beat Pirates come Saturday after that we boo Rhulani nxaa.,Mfanaka_Tsiki,"Kriel, South Africa",Thu Oct 25 05:02:40 +0000 2018
[],Enjoyed talking with about the playoffs! Friday night will be a great atmosphere!,NCouz,"Fargo, ND",Thu Oct 25 05:03:49 +0000 2018
[],"For some odd reason I decided to watch and holy shit, I'm hooked. Gonna binge watching this show.â€_",Superman956,"San Benito, TX",Thu Oct 25 05:03:57 +0000 2018
[],of : I played HS football in WI. The MN playoff scheme never made sense toâ€_,EJEngwall,"Lakeville, MN",Thu Oct 25 05:04:23 +0000 2018
[],"Football outsiders and cost me k and gold and silver tokens, .... Wish me luck. So far we have W's Lâ€_",iim_riskyy,"Warwick, RI",Thu Oct 25 05:05:12 +0000 2018
['Purplebricks'],boss scores with 'biggest football disruption for decades',PropertyJourn,"Topsham, England",Thu Oct 25 05:06:52 +0000 2018
[],Good luck for the upcoming matches Please verify your Twitter account As it is a semiâ€_,iffc_official,"Kolkata, India",Thu Oct 25 05:06:59 +0000 2018
[],I feel ya. But for me I got NO pleasure in seeing any player burn our Saints! No matteâ€_,SAINTSnLAKERS,"Burbank, CA",Thu Oct 25 05:07:52 +0000 2018
[],They are football players - not heroes!,BaiAnNa2014,"Connecticut, USA",Thu Oct 25 05:08:01 +0000 2018